Workbook
Name BeginWeek: #REF!
Name EndWeek: #REF!
Name issue_impact: #REF!
Name issue_impact: #REF!
Name issue_impact: #REF!
Name issue_status: #REF!
Name issue_status: #REF!
Name issue_status: #REF!

Sheet Instructions
A1: RAID Log Instructions
A3: General:
A4: Add project team members names to the list in the lookup tab
A5: Add any categories you may want for Actions, Issues and Decisions to the list in the lookup tab
A6: Fill in the Project Name, Projects Managers on the Risks tab they will populate to the other tabs
A7: Last Updated date will update based on the current date from the risks tab
A10: Risks: An uncertain event or condition, that if it occurs, has a positive or negative effect on a project's objective.
A11: Risks should be identified with the project team including the client at the beginning of the project and the likelihood and impact should be agreed upon
A12: You should focus your efforts on those risks which have a higher likelihood of occurring
A13: You should review your risks regularly to se if they need to be updated or plans for handling them need to be adjusted
A16: Actions: This is a joint project team to-do list. Use this log to record tasks that the project team members are going to do that are not captured in a sprint or project planning.
A17: Record and track project team to-do items
... A25: Recording key decisions for a project is important especially when changes to scope, timelines and people occur. It allows the project team to be aware of decisions that have helped to guide the project and see if they need to be revisited.

Sheet Risks
A1: Risk Register | AK1: =TODAY() -> 46209
A2: Project name:
A3: Kaizen Project manager:
A4: Client Project manager:
A5: Last Updated: | C5: =+$AK$1 -> 46209
A7: Risk ID | B7: Date raised | C7: Created By | D7: Risk description | E7: Likelihood of the risk occurring | F7: Impact if the risk occurs | G7: Owner Person who will manage the risk. | H7: Risk Strategy | I7: Mitigating action Actions to mitigate the risk e.g. reduce the likelihood. | J7: Contingent action Action to be taken if the risk happens. | K7: Progress on actions | L7: Status | M7: Notes
A8: 1 | B8: [enter date] | C8: Bobby | D8: Project purpose and need is not well-defined. | E8: Medium | F8: High | G8: Project Sponsor | H8: Acceptance | I8: Complete a business case if not already provided and ensure purpose is well defined on Project Charter and PID. | J8: Escalate to the Project Board with an assessment of the risk of runaway costs/never-ending project. | K8: Business case re-written with clear deliverables and submitted to the project board for approval. | L8: Open
A9: 2
A10: 3
A11: 4
A12: 5
A13: 6
A14: 7
A15: 8
A16: 9
A17: 10
A18: 11
A19: 12
A20: 13
... A27: 20

Sheet Actions
A1: Actions Log
A2: =+Risks!A2 -> Project name:
A3: =+Risks!A3 -> Kaizen Project manager:
A4: =+Risks!A4 -> Client Project manager:
A5: Last Updated: | C5: =+Risks!$C$5 -> 46209
A7: Action ID | B7: Category | C7: Date raised | D7: Reported / Requested By | E7: Priority | F7: Description | G7: Current Owner | H7: Expected Resolution Date | I7: Status | J7: Date Resolved / Completed | K7: Notes / Details
A8: 1 | E8: High
A9: 2 | E9: Medium
A10: 3 | E10: Low
A11: 4
A12: 5
A13: 6
A14: 7
A15: 8
A16: 9
A17: 10
A18: 11
A19: 12
A20: 13
A21: 14
A22: 15
... A207: 200

Sheet Issues
A1: Issues Log
A2: =+Risks!A2 -> Project name:
A3: =+Risks!A3 -> Kaizen Project manager:
A4: =+Risks!A4 -> Client Project manager:
A5: Last Updated: | C5: =+Risks!$C$5 -> 46209
A7: Action ID | B7: Category | C7: Date raised | D7: Reported / Requested By | E7: Priority | F7: Description | G7: Current Owner | H7: Expected Resolution Date | I7: Status | J7: Date Resolved / Completed | K7: Notes / Details
A8: 1 | E8: High
A9: 2 | E9: Medium
A10: 3 | E10: Low
A11: 4
A12: 5
A13: 6
A14: 7
A15: 8
A16: 9
A17: 10
A18: 11
A19: 12
A20: 13
A21: 14
A22: 15
... A207: 200

Sheet Decisions
A1: Decisions Log
A2: =+Risks!A2 -> Project name:
A3: =+Risks!A3 -> Kaizen Project manager:
A4: =+Risks!A4 -> Client Project manager:
A5: Last Updated: | C5: =+Risks!$C$5 -> 46209
A7: ID | B7: Date | C7: Category | D7: Decision | E7: Details | F7: Status | G7: Additional Comments
A8: 1 | B8: 43306 | D8: Brands in Scope | E8: All brand groups are in scope (Supercuts, SmartStyle, Signature Style, TBG). Exclusions: Sassoon Academy, Sassoon Salon, Vidal Sassoon, Mitchell's Hairstyling, CityLooks, CoolCuts4Kids. Maintained in "Brand_Exclusions" parameter template. Only active, corporate salons will be priced | F8: Confirmed by Core Team | G8: Configurable parameter: To update pricing templates if future adjustments required
A9: 2
A10: 3
A11: 4
A12: 5
A13: 6
A14: =+A13+1 -> 7
A15: =+A14+1 -> 8
A16: =+A15+1 -> 9
A17: =+A16+1 -> 10
A18: =+A17+1 -> 11
A19: =+A18+1 -> 12
A20: =+A19+1 -> 13
A21: =+A20+1 -> 14
A22: =+A21+1 -> 15
A23: =+A22+1 -> 16
A24: =+A23+1 -> 17
A25: =+A24+1 -> 18
... A47: =+A46+1 -> 40

Sheet Lookup
A1: Staff | B1: Status | C1: Decision Status | D1: Risk Strategy | E1: Priority | F1: Categories
A2: Blair | B2: Open | C2: TBD | D2: Acceptance | E2: High
A3: Bobby | B3: Complete | C3: Draft | D3: Mitigation | E3: Medium
B4: In Progress | C4: Confirmed | D4: Transference | E4: Low
B5: On Hold
B6: Escalated
B7: Duplicate
